{"company":{"name":"Company","styleprop":{"activity_rounded":true}},"projects":[{"title":{"name":"Group name","styleprop":{"activity_rounded":true}},"subitems":{"teams":[{"team":[{"head":{"name":"Head name","styleprop":{"head":true}}},{"people":[{"name":"Lead name","styleprop":{"lead":true}},{"name":"Worker","styleprop":{}},{"name":"Worker","styleprop":{}},{"name":"QA name","styleprop":{"qa":true}},{"name":"Worker","styleprop":{}},{"name":"Worker","styleprop":{}},{"name":"Probation","styleprop":{"probation":true}}]}]}],"projects_products":[{"project_product":[{"title":{"name":"Products","styleprop":{"projects_products":true}}},{"names":[{"name":"Product name","styleprop":{}},{"name":"Product name","styleprop":{}},{"name":"Product name","styleprop":{}},{"name":"Product name","styleprop":{}}]}]}]}},{"title":{"name":"Group name","styleprop":{"activity_rounded":true}},"subitems":{"teams":[{"team":[{"head":{"name":"Head name","styleprop":{"head":true}}},{"people":[{"name":"Lead name","styleprop":{"lead":true}},{"name":"Worker","styleprop":{}},{"name":"Worker","styleprop":{}},{"name":"Worker","styleprop":{}},{"name":"QA name","styleprop":{"qa":true}}]}]}],"projects_products":[{"project_product":[{"title":{"name":"Projects","styleprop":{"projects_products":true}}},{"names":[{"name":"Project name","styleprop":{}}]}]}]}},{"title":{"name":"Group name","styleprop":{"activity_rounded":true}},"subitems":{"teams":[{"team":[{"head":{"name":"Head name","styleprop":{"head":true}}},{"people":[{"name":"Lead name","styleprop":{"lead":true}},{"name":"Lead name","styleprop":{"lead":true}},{"name":"Worker","styleprop":{}},{"name":"Worker","styleprop":{}},{"name":"Student","styleprop":{"student":true}}]}]}],"projects_products":[{"project_product":[{"title":{"name":"Projects","styleprop":{"projects_products":true}}},{"names":[{"name":"Project name","styleprop":{}},{"name":"Project name","styleprop":{}}]}]},{"project_product":[{"title":{"name":"Products","styleprop":{"projects_products":true}}},{"names":[{"name":"Product name","styleprop":{}},{"name":"Product name","styleprop":{}},{"name":"Product name","styleprop":{}}]}]}]}},{"title":{"name":"Group name","styleprop":{"activity_rounded":true}},"subitems":{"teams":[{"team":[{"head":{"name":"Head name","styleprop":{"head":true}}},{"people":[{"name":"Lead","styleprop":{"lead":true}},{"name":"Worker","styleprop":{}},{"name":"QA name","styleprop":{"qa":true}},{"name":"Worker","styleprop":{}},{"name":"QA name","styleprop":{"qa":true}}]}]}],"projects_products":[{"project_product":[{"title":{"name":"Projects","styleprop":{"projects_products":true}}},{"names":[{"name":"Project name","styleprop":{}}]}]}]}},{"title":{"name":"Group name","styleprop":{"activity_rounded":true}},"subitems":{"teams":[{"team":[{"head":{"name":"Head name","styleprop":{"head":true}}},{"people":[{"name":"Worker","styleprop":{}},{"name":"Worker","styleprop":{}},{"name":"Worker","styleprop":{}},{"name":"Worker","styleprop":{}},{"name":"QA name","styleprop":{"qa":true}},{"name":"Worker","styleprop":{}},{"name":"Worker","styleprop":{}},{"name":"Worker","styleprop":{}},{"name":"Worker","styleprop":{}},{"name":"Probation","styleprop":{"probation":true}}]}]}],"projects_products":[{"project_product":[{"title":{"name":"Projects","styleprop":{"projects_products":true}}},{"names":[{"name":"Project name","styleprop":{}},{"name":"Project name","styleprop":{}},{"name":"Project name","styleprop":{}},{"name":"Project name","styleprop":{}},{"name":"Project name","styleprop":{}},{"name":"Project name","styleprop":{}}]}]}]}},{"title":{"name":"Group name","styleprop":{"activity_rounded":true}},"subitems":{"teams":[{"team":[{"head":{"name":"Head name","styleprop":{"head":true}}},{"people":[{"name":"Lead name","styleprop":{"lead":true}},{"name":"Worker","styleprop":{}},{"name":"Worker","styleprop":{}},{"name":"Worker","styleprop":{}},{"name":"Probation","styleprop":{"probation":true}}]}]}],"projects_products":[{"project_product":[{"title":{"name":"Projects","styleprop":{"projects_products":true}}},{"names":[{"name":"Project name","styleprop":{}},{"name":"Project name","styleprop":{}}]}]}]}},{"title":{"name":"Group name","styleprop":{"activity_rounded":true}},"subitems":{"teams":[{"team":[{"head":{"name":"Head name","styleprop":{"head":true}}},{"people":[{"name":"Worker","styleprop":{}},{"name":"QA name","styleprop":{"qa":true}},{"name":"Worker","styleprop":{}},{"name":"Probation","styleprop":{"probation":true}}]}]}],"projects_products":[{"project_product":[{"title":{"name":"Projects","styleprop":{"projects_products":true}}},{"names":[{"name":"Project name","styleprop":{}},{"name":"Project name","styleprop":{}}]}]}]}},{"title":{"name":"Group name","styleprop":{"activity_rounded":true}},"subitems":{"teams":[{"team":[{"head":{"name":"Head name","styleprop":{"head":true}}},{"people":[{"name":"Worker","styleprop":{}}]}]}]}},{"title":{"name":"Group name","styleprop":{"activity_rounded":true}},"subitems":{"teams":[{"team":[{"head":{"name":"Head name","styleprop":{"head":true}}},{"people":[{"name":"Lead name","styleprop":{"lead":true}},{"name":"Worker","styleprop":{}},{"name":"Worker","styleprop":{}},{"name":"Worker","styleprop":{}}]}]}],"projects_products":[{"project_product":[{"title":{"name":"Internal Projects","styleprop":{"projects_products":true}}},{"names":[{"name":"Project name","styleprop":{}}]}]}]}},{"title":{"name":"Group name","styleprop":{"activity_rounded":true}},"subitems":{"teams":[{"team":[{"head":{"name":"Head name","styleprop":{"head":true}}},{"people":[{"name":"Lead name","styleprop":{"lead":true}},{"name":"Worker","styleprop":{}},{"name":"Worker","styleprop":{}}]}]},{"team":[{"head":{"name":"Other (5)","styleprop":{}}}]},{"team":[{"head":{"name":"Other (3)","styleprop":{}}}]}]}}]}